Time;compensated_temperature;raw_temperature;junction_temperature;duty_cicle;on_resistances;equivalent_on_resistances
27/04/2025 21:42;20.7;20.7;20.9;0;0;0
27/04/2025 21:44;21.4;21.4;20.8;0.283;0.258;0.0732
27/04/2025 21:46;21.4;21.4;20.6;0;0;0
27/04/2025 21:48;21.2;21.2;20.5;0;0;0
27/04/2025 21:50;21.0;21.0;20.4;0;0;0
27/04/2025 21:52;21.0;21.0;20.3;0;0;0
27/04/2025 21:54;21.0;21.0;20.2;0;0;0
27/04/2025 21:56;21.0;21.0;20.2;0;0;0
27/04/2025 21:58;21.0;21.0;20.2;0;0;0
27/04/2025 22:00;20.9;20.9;20.2;0;0;0
27/04/2025 22:02;20.8;20.8;20.1;0;0;0
27/04/2025 22:04;20.9;20.9;20.2;0;0;0
27/04/2025 22:06;20.7;20.7;20.0;0;0;0
27/04/2025 22:08;20.5;20.5;19.8;0;0;0
27/04/2025 22:10;20.5;20.5;19.8;0;0;0
27/04/2025 22:12;20.7;20.7;19.9;0;0;0
27/04/2025 22:14;20.9;20.9;20.0;0.500;0.542;0.271
27/04/2025 22:16;25.2;25.1;20.2;1;1;1
27/04/2025 22:18;29.6;29.4;20.4;1;1;1
27/04/2025 22:20;32.7;32.5;20.5;1;1;1
27/04/2025 22:22;35.6;35.3;20.5;1;1;1
27/04/2025 22:24;38.1;37.8;20.5;1;1;1
27/04/2025 22:26;40.3;40.0;20.5;1;1;1
27/04/2025 22:28;42.4;42.1;20.4;1;1;1
27/04/2025 22:30;44.5;44.1;20.1;1;1;1
27/04/2025 22:32;46.5;46.2;20.2;1;1;1
27/04/2025 22:34;47.9;47.6;20.2;1;1;1
27/04/2025 22:36;49.7;49.4;20.2;1;1;1
27/04/2025 22:38;50.8;50.4;20.3;1;1;1
27/04/2025 22:40;52.0;51.6;20.3;1;1;1
27/04/2025 22:42;53.4;53.0;20.4;1;1;1
27/04/2025 22:44;54.5;54.2;20.4;1;1;1
27/04/2025 22:46;55.3;55.0;20.4;1;1;1
27/04/2025 22:48;56.3;56.0;20.4;1;1;1
27/04/2025 22:50;57.2;56.8;20.5;1;1;1
27/04/2025 22:52;57.5;57.2;20.5;1;1;1
27/04/2025 22:54;58.3;58.0;20.4;1;1;1
27/04/2025 22:56;58.3;57.9;20.3;1;1;1
27/04/2025 22:58;59.8;59.5;20.3;1;1;1
27/04/2025 23:00;60.5;60.2;20.3;1;1;1
27/04/2025 23:02;62.2;61.9;20.3;1;1;1
27/04/2025 23:04;61.7;61.3;20.3;1;1;1
27/04/2025 23:06;60.5;60.1;20.2;1;1;1
27/04/2025 23:08;60.3;60.0;20.3;1;1;1
27/04/2025 23:10;60.8;60.5;20.3;1;1;1
27/04/2025 23:12;61.2;60.9;20.2;1;1;1
27/04/2025 23:14;61.4;61.0;20.3;1;1;1
27/04/2025 23:16;62.0;61.7;20.3;1;1;1
27/04/2025 23:18;63.8;63.5;20.2;1;1;1
27/04/2025 23:20;65.3;65.0;20.3;1;1;1
27/04/2025 23:22;66.4;66.1;20.4;1;1;1
27/04/2025 23:24;67.0;66.8;20.4;1;1;1
27/04/2025 23:26;68.0;67.7;20.4;1;1;1
27/04/2025 23:28;68.9;68.7;20.3;1;1;1
27/04/2025 23:30;69.3;69.1;20.3;1;1;1
27/04/2025 23:32;69.4;69.2;20.4;1;1;1
27/04/2025 23:34;70.3;70.0;20.4;1;1;1
27/04/2025 23:36;70.6;70.4;20.5;1;1;1
27/04/2025 23:38;71.3;71.0;20.5;1;1;1
27/04/2025 23:40;72.2;71.9;20.4;1;1;1
27/04/2025 23:42;72.9;72.7;20.2;1;1;1
27/04/2025 23:44;73.4;73.2;20.1;1;1;1
27/04/2025 23:46;74.2;73.9;20.1;1;1;1
27/04/2025 23:48;74.8;74.6;20.3;1;1;1
27/04/2025 23:50;74.9;74.7;20.3;1;1;1
27/04/2025 23:52;75.0;74.7;20.3;1;1;1
27/04/2025 23:54;74.7;74.4;20.2;1;1;1
27/04/2025 23:56;74.9;74.7;20.2;1;1;1
27/04/2025 23:58;74.6;74.4;20.2;1;1;1
28/04/2025 00:00;73.8;73.5;20.1;1;1;1
28/04/2025 00:02;74.0;73.7;20.1;1;1;1
28/04/2025 00:04;73.9;73.6;20.1;1;1;1
28/04/2025 00:06;73.9;73.7;20.2;1;1;1
28/04/2025 00:08;74.5;74.3;20.2;1;1;1
28/04/2025 00:10;74.9;74.7;20.1;1;1;1
28/04/2025 00:12;76.0;75.8;20.1;1;1;1
28/04/2025 00:14;77.2;77.0;20.2;1;1;1
28/04/2025 00:16;78.0;77.8;20.2;1;1;1
28/04/2025 00:18;78.9;78.8;20.3;1;1;1
28/04/2025 00:20;79.4;79.2;20.3;1;1;1
28/04/2025 00:22;79.0;78.8;20.3;1;1;1
28/04/2025 00:24;78.4;78.2;20.3;1;1;1
28/04/2025 00:26;85.0;84.8;20.3;1;1;1
28/04/2025 00:28;90.0;89.9;20.2;1;1;1
28/04/2025 00:30;94.0;93.9;20.1;1;1;1
28/04/2025 00:32;97.7;97.6;20.1;1;1;1
28/04/2025 00:34;101;101;20.1;1;1;1
28/04/2025 00:36;104;104;20.1;1;1;1
28/04/2025 00:38;107;107;20.1;1;1;1
28/04/2025 00:40;110;110;20.1;1;1;1
28/04/2025 00:42;113;113;20.1;1;1;1
28/04/2025 00:44;115;115;20.1;1;1;1
28/04/2025 00:46;118;118;20.1;1;1;1
28/04/2025 00:48;120;120;20.0;1;1;1
28/04/2025 00:50;122;122;20.0;1;1;1
28/04/2025 00:52;125;124;20.0;1;1;1
28/04/2025 00:54;127;126;20.0;1;1;1
28/04/2025 00:56;129;128;20.0;1;1;1
28/04/2025 00:58;131;130;20.0;1;1;1
28/04/2025 01:00;133;132;20.0;1;1;1
28/04/2025 01:02;135;134;20.1;1;1;1
28/04/2025 01:04;137;136;20.2;1;1;1
28/04/2025 01:06;138;138;20.1;1;1;1
28/04/2025 01:08;140;139;19.9;1;1;1
28/04/2025 01:10;141;141;19.8;1;1;1
28/04/2025 01:12;143;143;19.8;1;1;1
28/04/2025 01:14;145;144;19.8;1;1;1
28/04/2025 01:16;147;146;19.9;1;1;1
28/04/2025 01:18;148;148;20.0;1;1;1
28/04/2025 01:20;150;149;20.0;1;1;1
28/04/2025 01:22;151;151;20.0;1;1;1
28/04/2025 01:24;153;152;19.8;1;1;1
28/04/2025 01:26;154;153;19.8;1;1;1
28/04/2025 01:28;156;155;20.0;1;1;1
28/04/2025 01:30;157;156;20.0;1;1;1
28/04/2025 01:32;158;158;20.0;1;1;1
28/04/2025 01:34;160;159;20.0;1;1;1
28/04/2025 01:36;161;160;20.0;1;1;1
28/04/2025 01:38;162;162;20.0;1;1;1
28/04/2025 01:40;164;163;20.0;1;1;1
28/04/2025 01:42;165;164;20.0;1;1;1
28/04/2025 01:44;166;165;19.9;1;1;1
28/04/2025 01:46;168;166;20.0;1;1;1
28/04/2025 01:48;169;168;20.0;1;1;1
28/04/2025 01:50;170;169;20.0;1;1;1
28/04/2025 01:52;171;170;19.9;1;1;1
28/04/2025 01:54;172;171;19.9;1;1;1
28/04/2025 01:56;174;172;19.9;1;1;1
28/04/2025 01:58;175;173;20.0;1;1;1
28/04/2025 02:00;176;175;20.0;1;1;1
28/04/2025 02:02;177;176;20.0;1;1;1
28/04/2025 02:04;178;177;20.0;1;1;1
28/04/2025 02:06;179;178;20.0;1;1;1
28/04/2025 02:08;181;179;20.0;1;1;1
28/04/2025 02:10;182;180;20.0;1;1;1
28/04/2025 02:12;183;181;20.0;1;1;1
28/04/2025 02:14;184;182;20.0;1;1;1
28/04/2025 02:16;185;183;20.0;1;1;1
28/04/2025 02:18;186;184;20.1;1;1;1
28/04/2025 02:20;187;185;20.0;1;1;1
28/04/2025 02:22;188;187;20.0;1;1;1
28/04/2025 02:24;189;188;20.1;1;1;1
28/04/2025 02:26;190;189;20.1;1;1;1
28/04/2025 02:28;191;190;20.0;1;1;1
28/04/2025 02:30;192;190;20.0;1;1;1
28/04/2025 02:32;193;191;19.9;1;1;1
28/04/2025 02:34;194;192;20.0;1;1;1
28/04/2025 02:36;195;193;20.1;1;1;1
28/04/2025 02:38;196;194;20.1;1;1;1
28/04/2025 02:40;197;195;20.1;1;1;1
28/04/2025 02:42;198;196;20.0;1;1;1
28/04/2025 02:44;199;197;20.0;1;1;1
28/04/2025 02:46;200;198;20.0;1;1;1
28/04/2025 02:48;201;199;20.0;1;1;1
28/04/2025 02:50;202;200;19.9;1;1;1
28/04/2025 02:52;203;201;20.0;1;1;1
28/04/2025 02:54;204;202;20.0;1;1;1
28/04/2025 02:56;205;202;20.0;1;1;1
28/04/2025 02:58;205;203;20.0;1;1;1
28/04/2025 03:00;206;204;20.1;1;1;1
28/04/2025 03:02;207;205;20.2;1;1;1
28/04/2025 03:04;208;206;20.3;1;1;1
28/04/2025 03:06;209;207;20.2;1;1;1
28/04/2025 03:08;210;208;20.2;1;1;1
28/04/2025 03:10;213;211;20.2;1;1.89;1.89
28/04/2025 03:12;220;217;20.2;1;2;2
28/04/2025 03:14;225;223;20.2;1;2;2
28/04/2025 03:16;230;227;20.2;1;2;2
28/04/2025 03:18;235;232;20.3;1;2;2
28/04/2025 03:20;239;236;20.3;1;2;2
28/04/2025 03:22;243;240;20.3;1;2;2
28/04/2025 03:24;247;244;20.3;1;2;2
28/04/2025 03:26;251;247;20.4;1;2;2
28/04/2025 03:28;254;251;20.5;1;2;2
28/04/2025 03:30;258;254;20.4;1;2;2
28/04/2025 03:32;261;257;20.5;1;2;2
28/04/2025 03:34;264;260;20.4;1;2;2
28/04/2025 03:36;267;263;20.4;1;2;2
28/04/2025 03:38;270;266;20.4;1;2;2
28/04/2025 03:40;273;269;20.5;1;2;2
28/04/2025 03:42;276;272;20.4;1;2;2
28/04/2025 03:44;278;275;20.3;1;2;2
28/04/2025 03:46;280;277;20.3;1;2;2
28/04/2025 03:48;283;279;20.3;1;2;2
28/04/2025 03:50;285;281;20.3;1;2;2
28/04/2025 03:52;287;283;20.3;1;2;2
28/04/2025 03:54;289;286;20.4;1;2;2
28/04/2025 03:56;291;288;20.4;1;2;2
28/04/2025 03:58;294;290;20.4;1;2;2
28/04/2025 04:00;296;292;20.5;1;2;2
28/04/2025 04:02;298;294;20.5;1;2;2
28/04/2025 04:04;301;297;20.5;1;2;2
28/04/2025 04:06;303;299;20.5;1;2;2
28/04/2025 04:08;305;302;20.5;1;2;2
28/04/2025 04:10;307;304;20.4;1;2;2
28/04/2025 04:12;309;306;20.4;1;2;2
28/04/2025 04:14;311;308;20.4;1;2;2
28/04/2025 04:16;313;310;20.5;1;2;2
28/04/2025 04:18;315;312;20.5;1;2;2
28/04/2025 04:20;317;314;20.5;1;2;2
28/04/2025 04:22;319;316;20.5;1;2;2
28/04/2025 04:24;321;318;20.4;1;2;2
28/04/2025 04:26;323;320;20.3;1;2;2
28/04/2025 04:28;325;322;20.4;1;2;2
28/04/2025 04:30;327;324;20.5;1;2;2
28/04/2025 04:32;329;325;20.5;1;2;2
28/04/2025 04:34;331;327;20.5;1;2;2
28/04/2025 04:36;332;329;20.5;1;2;2
28/04/2025 04:38;334;331;20.5;1;2;2
28/04/2025 04:40;336;333;20.5;1;2;2
28/04/2025 04:42;338;335;20.6;1;2;2
28/04/2025 04:44;339;336;20.6;1;2;2
28/04/2025 04:46;341;338;20.7;1;2;2
28/04/2025 04:48;343;340;20.7;1;2;2
28/04/2025 04:50;345;341;20.7;1;2;2
28/04/2025 04:52;346;343;20.7;1;2;2
28/04/2025 04:54;348;345;20.6;1;2;2
28/04/2025 04:56;349;346;20.5;1;2;2
28/04/2025 04:58;351;348;20.5;1;2;2
28/04/2025 05:00;353;350;20.5;1;2;2
28/04/2025 05:02;354;351;20.6;1;2;2
28/04/2025 05:04;356;353;20.7;1;2;2
28/04/2025 05:06;358;355;20.8;1;2;2
28/04/2025 05:08;360;357;20.8;1;2;2
28/04/2025 05:10;361;358;20.8;1;2;2
28/04/2025 05:12;363;360;20.8;1;2;2
28/04/2025 05:14;365;362;20.7;1;2;2
28/04/2025 05:16;367;364;20.7;1;2;2
28/04/2025 05:18;369;366;20.8;1;2;2
28/04/2025 05:20;370;368;20.8;1;2;2
28/04/2025 05:22;372;369;20.7;1;2;2
28/04/2025 05:24;373;371;20.8;1;2;2
28/04/2025 05:26;375;372;20.9;1;2;2
28/04/2025 05:28;376;374;20.9;1;2;2
28/04/2025 05:30;378;375;20.9;1;2;2
28/04/2025 05:32;379;377;20.9;1;2;2
28/04/2025 05:34;381;378;20.8;1;2;2
28/04/2025 05:36;382;380;20.9;1;2;2
28/04/2025 05:38;384;382;21.0;1;2;2
28/04/2025 05:40;385;383;21.1;1;2;2
28/04/2025 05:42;387;384;21.2;1;2;2
28/04/2025 05:44;388;386;21.2;1;2;2
28/04/2025 05:46;390;387;21.3;1;2;2
28/04/2025 05:48;391;389;21.3;1;2;2
28/04/2025 05:50;393;390;21.3;1;2;2
28/04/2025 05:52;394;392;21.2;1;2;2
28/04/2025 05:54;396;393;21.2;1;2;2
28/04/2025 05:56;397;395;21.2;1;2;2
28/04/2025 05:58;399;396;21.1;1;2;2
28/04/2025 06:00;400;398;21.2;1;2;2
28/04/2025 06:02;401;399;21.3;1;2;2
28/04/2025 06:04;403;401;21.3;1;2;2
28/04/2025 06:06;404;402;21.3;1;2;2
28/04/2025 06:08;405;403;21.3;1;2;2
28/04/2025 06:10;406;404;21.3;1;2;2
28/04/2025 06:12;407;405;21.3;1;2;2
28/04/2025 06:14;409;407;21.3;1;2;2
28/04/2025 06:16;410;408;21.3;1;2;2
28/04/2025 06:18;411;409;21.3;1;2;2
28/04/2025 06:20;412;411;21.2;1;2;2
28/04/2025 06:22;414;412;21.2;1;2;2
28/04/2025 06:24;415;413;21.2;1;2;2
28/04/2025 06:26;416;415;21.2;1;2;2
28/04/2025 06:28;417;416;21.1;1;2;2
28/04/2025 06:30;419;417;21.2;1;2;2
28/04/2025 06:32;420;418;21.3;1;2;2
28/04/2025 06:34;421;420;21.2;1;2;2
28/04/2025 06:36;422;421;21.3;1;2;2
28/04/2025 06:38;424;422;21.3;1;2;2
28/04/2025 06:40;425;424;21.4;1;2;2
28/04/2025 06:42;426;425;21.3;1;2;2
28/04/2025 06:44;428;426;21.4;1;2;2
28/04/2025 06:46;429;428;21.4;1;2;2
28/04/2025 06:48;430;429;21.4;1;2;2
28/04/2025 06:50;431;430;21.5;1;2;2
28/04/2025 06:52;433;432;21.6;1;2;2
28/04/2025 06:54;434;433;21.6;1;2;2
28/04/2025 06:56;435;434;21.6;1;2;2
28/04/2025 06:58;436;435;21.5;1;2;2
28/04/2025 07:00;437;436;21.4;1;2;2
28/04/2025 07:02;439;437;21.4;1;2;2
28/04/2025 07:04;440;439;21.5;1;2;2
28/04/2025 07:06;441;440;21.3;1;2;2
28/04/2025 07:08;442;441;21.3;1;2;2
28/04/2025 07:10;443;442;21.6;1;2;2
28/04/2025 07:12;444;443;21.8;1;2;2
28/04/2025 07:14;445;444;21.9;1;2;2
28/04/2025 07:16;446;446;21.9;1;2;2
28/04/2025 07:18;447;447;22.0;1;2;2
28/04/2025 07:20;448;448;22.0;1;2;2
28/04/2025 07:22;450;449;22.0;1;2;2
28/04/2025 07:24;451;450;22.0;1;2;2
28/04/2025 07:26;452;451;22.1;1;2;2
28/04/2025 07:28;453;452;22.1;1;2;2
28/04/2025 07:30;454;453;22.3;1;2;2
28/04/2025 07:32;455;454;22.3;1;2;2
28/04/2025 07:34;456;455;22.4;1;2;2
28/04/2025 07:36;457;456;22.4;1;2;2
28/04/2025 07:38;458;457;22.5;1;2;2
28/04/2025 07:40;459;458;22.5;1;2;2
28/04/2025 07:42;460;460;22.4;1;2;2
28/04/2025 07:44;461;461;22.4;1;2;2
28/04/2025 07:46;462;462;22.6;1;2;2
28/04/2025 07:48;463;463;22.6;1;2;2
28/04/2025 07:50;464;464;22.7;1;2;2
28/04/2025 07:52;465;465;22.7;1;2;2
28/04/2025 07:54;466;466;22.8;1;2;2
28/04/2025 07:56;468;467;22.9;1;2;2
28/04/2025 07:58;469;468;22.9;1;2;2
28/04/2025 08:00;470;470;22.9;1;2;2
28/04/2025 08:02;471;471;22.8;1;2;2
28/04/2025 08:04;472;472;22.9;1;2;2
28/04/2025 08:06;473;473;23.0;1;2;2
28/04/2025 08:08;474;474;23.2;1;2;2
28/04/2025 08:10;475;475;23.3;1;2;2
28/04/2025 08:12;475;476;23.2;1;2;2
28/04/2025 08:14;477;477;23.2;1;2;2
28/04/2025 08:16;478;478;23.3;1;2;2
28/04/2025 08:18;479;479;23.5;1;2;2
28/04/2025 08:20;479;480;23.5;1;2;2
28/04/2025 08:22;480;481;23.5;1;2;2
28/04/2025 08:24;481;482;23.6;1;2;2
28/04/2025 08:26;482;483;23.6;1;2;2
28/04/2025 08:28;483;484;23.7;1;2;2
28/04/2025 08:30;484;485;23.7;1;2;2
28/04/2025 08:32;485;486;23.8;1;2;2
28/04/2025 08:34;486;487;23.9;1;2;2
28/04/2025 08:36;487;488;24.0;1;2;2
28/04/2025 08:38;488;489;24.0;1;2;2
28/04/2025 08:40;490;490;24.1;1;2;2
28/04/2025 08:42;491;491;24.2;1;2;2
28/04/2025 08:44;492;492;24.3;1;2;2
28/04/2025 08:46;493;493;24.5;1;2;2
28/04/2025 08:48;493;494;24.5;1;2;2
28/04/2025 08:50;494;495;24.3;1;2;2
28/04/2025 08:52;495;496;24.3;1;2;2
28/04/2025 08:54;496;497;24.3;1;2;2
28/04/2025 08:56;497;498;24.3;1;2;2
28/04/2025 08:58;498;499;24.3;1;2;2
28/04/2025 09:00;499;500;24.4;1;2;2
28/04/2025 09:02;500;501;24.5;1;2;2
28/04/2025 09:04;501;502;24.6;1;2;2
28/04/2025 09:06;502;503;24.5;1;2;2
28/04/2025 09:08;503;504;24.6;1;2;2
28/04/2025 09:10;504;505;24.6;1;2;2
28/04/2025 09:12;504;506;24.5;1;2;2
28/04/2025 09:14;505;507;24.4;1;2;2
28/04/2025 09:16;506;508;24.4;1;2;2
28/04/2025 09:18;508;509;24.6;1;2;2
28/04/2025 09:20;509;510;24.6;1;2;2
28/04/2025 09:22;510;511;24.5;1;2;2
28/04/2025 09:24;510;512;24.5;1;2;2
28/04/2025 09:26;512;513;24.5;1;2;2
28/04/2025 09:28;513;514;24.6;1;2;2
28/04/2025 09:30;514;515;24.6;1;2;2
28/04/2025 09:32;514;516;24.6;1;2;2
28/04/2025 09:34;515;517;24.7;1;2;2
28/04/2025 09:36;516;518;24.8;1;2;2
28/04/2025 09:38;517;519;24.8;1;2;2
28/04/2025 09:40;518;519;24.7;1;2;2
28/04/2025 09:42;519;520;24.6;1;2;2
28/04/2025 09:44;520;521;24.6;1;2;2
28/04/2025 09:46;520;522;24.6;1;2;2
28/04/2025 09:48;521;523;24.7;1;2;2
28/04/2025 09:50;522;524;24.8;1;2;2
28/04/2025 09:52;523;525;24.9;1;2;2
28/04/2025 09:54;524;525;24.9;1;2;2
28/04/2025 09:56;524;526;24.7;1;2;2
28/04/2025 09:58;525;527;24.7;1;2;2
28/04/2025 10:00;526;528;24.8;1;2;2
28/04/2025 10:02;527;529;24.8;1;2;2
28/04/2025 10:04;529;531;25.0;1;2.61;2.61
28/04/2025 10:06;535;537;25.2;1;3;3
28/04/2025 10:08;540;542;25.3;1;3;3
28/04/2025 10:10;544;546;25.3;1;3;3
28/04/2025 10:12;547;550;25.3;1;3;3
28/04/2025 10:14;551;553;25.4;1;3;3
28/04/2025 10:16;554;556;25.5;1;3;3
28/04/2025 10:18;557;559;25.4;1;3;3
28/04/2025 10:20;559;562;25.5;1;3;3
28/04/2025 10:22;562;564;25.4;1;3;3
28/04/2025 10:24;564;567;25.4;1;3;3
28/04/2025 10:26;566;569;25.4;1;3;3
28/04/2025 10:28;569;572;25.4;1;3;3
28/04/2025 10:30;571;574;25.6;1;3;3
28/04/2025 10:32;573;576;25.7;1;3;3
28/04/2025 10:34;576;579;25.9;1;3;3
28/04/2025 10:36;578;581;25.9;1;3;3
28/04/2025 10:38;580;583;25.9;1;3;3
28/04/2025 10:40;582;586;26.1;1;3;3
28/04/2025 10:42;584;588;26.3;1;3;3
28/04/2025 10:44;586;589;26.4;1;3;3
28/04/2025 10:46;587;591;26.2;1;3;3
28/04/2025 10:48;589;593;26.1;1;3;3
28/04/2025 10:50;591;595;26.0;1;3;3
28/04/2025 10:52;593;597;25.8;1;3;3
28/04/2025 10:54;595;600;26.1;1;3;3
28/04/2025 10:56;597;602;26.2;1;3;3
28/04/2025 10:58;599;603;26.2;1;3;3
28/04/2025 11:00;601;605;26.1;1;3;3
28/04/2025 11:02;603;608;26.1;1;3;3
28/04/2025 11:04;605;610;26.2;1;3;3
28/04/2025 11:06;607;612;26.1;1;3;3
28/04/2025 11:08;610;614;26.5;1;3;3
28/04/2025 11:10;612;616;26.5;1;3;3
28/04/2025 11:12;613;618;26.6;1;3;3
28/04/2025 11:14;615;619;26.4;1;3;3
28/04/2025 11:16;617;621;26.3;1;3;3
28/04/2025 11:18;619;623;26.3;1;3;3
28/04/2025 11:20;621;626;26.7;1;3;3
28/04/2025 11:22;623;628;26.7;1;3;3
28/04/2025 11:24;624;629;26.6;1;3;3
28/04/2025 11:26;626;631;26.4;1;3;3
28/04/2025 11:28;628;632;26.5;1;3;3
28/04/2025 11:30;629;634;26.6;1;3;3
28/04/2025 11:32;631;636;26.7;1;3;3
28/04/2025 11:34;632;638;26.8;1;3;3
28/04/2025 11:36;634;639;26.9;1;3;3
28/04/2025 11:38;636;641;27.0;1;3;3
28/04/2025 11:40;637;643;27.0;1;3;3
28/04/2025 11:42;639;644;27.0;1;3;3
28/04/2025 11:44;641;646;27.0;1;3;3
28/04/2025 11:46;642;647;26.8;1;3;3
28/04/2025 11:48;644;649;26.7;1;3;3
28/04/2025 11:50;645;651;26.7;1;3;3
28/04/2025 11:52;647;653;26.9;1;3;3
28/04/2025 11:54;649;654;26.9;1;3;3
28/04/2025 11:56;651;656;26.7;1;3;3
28/04/2025 11:58;652;658;26.9;1;3;3
28/04/2025 12:00;654;660;26.9;1;3;3
28/04/2025 12:02;656;662;27.1;1;3;3
28/04/2025 12:04;658;663;27.0;1;3;3
28/04/2025 12:06;659;665;27.1;1;3;3
28/04/2025 12:08;661;667;27.2;1;3;3
28/04/2025 12:10;663;668;27.1;1;3;3
28/04/2025 12:12;664;670;27.2;1;3;3
28/04/2025 12:14;666;672;27.2;1;3;3
28/04/2025 12:16;667;673;27.3;1;3;3
28/04/2025 12:18;669;675;27.2;1;3;3
28/04/2025 12:20;671;677;27.2;1;3;3
28/04/2025 12:22;672;678;27.4;1;3;3
28/04/2025 12:24;674;680;27.7;1;3;3
28/04/2025 12:26;676;682;27.5;1;3;3
28/04/2025 12:28;677;684;27.5;1;3;3
28/04/2025 12:30;679;685;27.6;1;3;3
28/04/2025 12:32;681;687;27.7;1;3;3
28/04/2025 12:34;682;688;27.5;1;3;3
28/04/2025 12:36;683;689;27.7;1;3;3
28/04/2025 12:38;684;690;27.8;1;3;3
28/04/2025 12:40;685;691;27.8;1;3;3
28/04/2025 12:42;686;693;27.9;1;3;3
28/04/2025 12:44;688;694;28.0;1;3;3
28/04/2025 12:46;689;695;28.0;1;3;3
28/04/2025 12:48;690;697;27.9;1;3;3
28/04/2025 12:50;692;699;28.2;1;3;3
28/04/2025 12:52;694;700;28.1;1;3;3
28/04/2025 12:54;695;702;28.2;1;3;3
28/04/2025 12:56;696;703;28.1;1;3;3
28/04/2025 12:58;698;704;28.0;1;3;3
28/04/2025 13:00;699;705;28.1;1;3;3
28/04/2025 13:02;700;707;28.1;1;3;3
28/04/2025 13:04;701;708;27.9;1;3;3
28/04/2025 13:06;703;709;27.9;1;3;3
28/04/2025 13:08;704;711;27.6;1;3;3
28/04/2025 13:10;705;712;27.5;1;3;3
28/04/2025 13:12;706;713;27.6;1;3;3
28/04/2025 13:14;708;715;27.8;1;3;3
28/04/2025 13:16;709;716;27.6;1;3;3
28/04/2025 13:18;710;717;27.6;1;3;3
28/04/2025 13:20;711;718;27.6;1;3;3
28/04/2025 13:22;712;719;27.7;1;3;3
28/04/2025 13:24;714;720;27.8;1;3;3
28/04/2025 13:26;715;722;27.8;1;3;3
28/04/2025 13:28;717;723;27.7;1;3;3
28/04/2025 13:30;717;724;27.5;1;3;3
28/04/2025 13:32;719;726;27.7;1;3;3
28/04/2025 13:34;720;727;27.7;1;3;3
28/04/2025 13:36;721;728;27.7;1;3;3
28/04/2025 13:38;722;729;27.4;1;3;3
28/04/2025 13:40;725;732;27.5;1;3.72;3.72
28/04/2025 13:42;731;738;27.5;1;4;4
28/04/2025 13:44;736;743;27.6;1;4;4
28/04/2025 13:46;739;746;27.8;1;4;4
28/04/2025 13:48;743;750;27.8;1;4;4
28/04/2025 13:50;746;753;27.5;1;4;4
28/04/2025 13:52;749;756;27.5;1;4;4
28/04/2025 13:54;752;759;27.5;1;4;4
28/04/2025 13:56;755;762;27.5;1;4;4
28/04/2025 13:58;758;765;27.5;1;4;4
28/04/2025 14:00;761;768;27.7;1;4;4
28/04/2025 14:02;764;771;27.9;1;4;4
28/04/2025 14:04;767;774;28.1;1;4;4
28/04/2025 14:06;769;776;27.9;1;4;4
28/04/2025 14:08;772;779;28.0;1;4;4
28/04/2025 14:10;774;781;27.8;1;4;4
28/04/2025 14:12;776;783;27.9;1;4;4
28/04/2025 14:14;779;786;28.1;1;4;4
28/04/2025 14:16;781;789;28.0;1;4;4
28/04/2025 14:18;784;791;27.9;1;4;4
28/04/2025 14:20;787;794;27.9;1;4;4
28/04/2025 14:22;789;796;27.7;1;4;4
28/04/2025 14:24;791;798;27.7;1;4;4
28/04/2025 14:26;793;800;27.7;1;3.37;3.37
28/04/2025 14:28;790;797;27.8;1;3;3
28/04/2025 14:30;789;796;27.8;1;3;3
28/04/2025 14:32;788;795;27.9;1;3.11;3.11
28/04/2025 14:34;792;799;28.0;1;4;4
28/04/2025 14:36;796;803;28.0;1;4;4
28/04/2025 14:38;799;806;27.9;1;4;4
28/04/2025 14:40;801;808;27.9;1;3.81;3.81
28/04/2025 14:42;801;808;27.9;1;3.13;3.13
28/04/2025 14:44;800;807;28.0;1;3.24;3.24
28/04/2025 14:46;795;802;28.1;0.283;1.06;0.300
28/04/2025 14:48;778;785;28.1;0;0;0
28/04/2025 14:50;766;773;27.8;0;0;0
28/04/2025 14:52;757;764;27.7;0;0;0
28/04/2025 14:54;748;755;27.7;0;0;0
28/04/2025 14:56;741;748;27.8;0;0;0
28/04/2025 14:58;735;742;28.0;0;0;0
28/04/2025 15:00;729;736;28.1;0;0;0
28/04/2025 15:02;723;730;28.0;0;0;0
28/04/2025 15:04;718;724;28.1;0;0;0
28/04/2025 15:06;713;719;28.0;0;0;0
28/04/2025 15:08;708;714;27.9;0;0;0
28/04/2025 15:10;703;710;27.8;0;0;0
28/04/2025 15:12;699;706;27.8;0;0;0
28/04/2025 15:14;695;701;27.8;0;0;0
28/04/2025 15:16;691;698;28.1;0;0;0
28/04/2025 15:18;688;694;28.3;0;0;0
28/04/2025 15:20;684;690;28.3;0;0;0
28/04/2025 15:22;681;687;28.5;0;0;0
28/04/2025 15:24;677;683;28.1;0;0;0
28/04/2025 15:26;674;680;27.6;0;0;0
28/04/2025 15:28;671;677;27.6;0;0;0
28/04/2025 15:30;668;674;27.5;0;0;0
28/04/2025 15:32;665;671;27.6;0;0;0
28/04/2025 15:34;662;668;27.5;0;0;0
28/04/2025 15:36;660;665;27.6;0;0;0
28/04/2025 15:38;657;663;27.7;0;0;0
28/04/2025 15:40;654;660;27.7;0;0;0
28/04/2025 15:42;652;657;27.5;0;0;0
28/04/2025 15:44;649;655;27.5;0;0;0
28/04/2025 15:46;647;652;27.7;0;0;0
28/04/2025 15:48;645;650;27.7;0;0;0
28/04/2025 15:50;642;648;27.7;0;0;0
28/04/2025 15:52;640;645;27.6;0;0;0
28/04/2025 15:54;637;643;27.3;0;0;0
28/04/2025 15:56;635;641;27.4;0;0;0
28/04/2025 15:58;633;638;27.3;0;0;0
28/04/2025 16:00;631;636;27.4;0;0;0
28/04/2025 16:02;629;634;27.5;0;0;0
28/04/2025 16:04;628;633;27.5;0;0;0
28/04/2025 16:06;626;631;27.6;0;0;0
28/04/2025 16:08;624;629;27.6;0;0;0
28/04/2025 16:10;622;627;27.6;0;0;0
28/04/2025 16:12;620;625;27.4;0;0;0
28/04/2025 16:14;618;623;27.3;0;0;0
28/04/2025 16:16;616;621;27.1;0;0;0
28/04/2025 16:18;615;620;27.7;0;0;0
28/04/2025 16:20;613;618;27.5;0;0;0
28/04/2025 16:22;612;616;27.2;0;0;0
28/04/2025 16:24;610;615;27.3;0;0;0
28/04/2025 16:26;608;613;27.0;0;0;0
28/04/2025 16:28;607;611;26.9;0;0;0
28/04/2025 16:30;605;610;26.9;0;0;0
28/04/2025 16:32;604;608;26.7;0;0;0
28/04/2025 16:34;602;607;26.8;0;0;0
28/04/2025 16:36;601;605;27.0;0;0;0
28/04/2025 16:38;600;604;26.9;0;0;0
28/04/2025 16:40;598;603;26.8;0;0;0
28/04/2025 16:42;597;601;26.7;0;0;0
28/04/2025 16:44;596;600;26.6;0;0;0
28/04/2025 16:46;595;599;26.7;0;0;0
28/04/2025 16:48;593;597;26.9;0;0;0
28/04/2025 16:50;592;596;26.8;0;0;0
28/04/2025 16:52;591;594;26.6;0;0;0
28/04/2025 16:54;589;593;26.6;0;0;0
28/04/2025 16:56;588;592;26.7;0;0;0
28/04/2025 16:58;587;591;26.6;0;0;0
28/04/2025 17:00;586;590;26.6;0;0;0
28/04/2025 17:02;585;589;26.7;0;0;0
28/04/2025 17:04;584;587;26.5;0;0;0
28/04/2025 17:06;583;586;26.6;0;0;0
28/04/2025 17:08;582;585;26.6;0;0;0
28/04/2025 17:10;580;584;26.3;0;0;0
28/04/2025 17:12;579;583;26.3;0;0;0
28/04/2025 17:14;578;582;26.5;0;0;0
28/04/2025 17:16;577;581;26.3;0;0;0
28/04/2025 17:18;576;580;26.3;0;0;0
28/04/2025 17:20;575;579;26.4;0;0;0
28/04/2025 17:22;575;578;26.6;0;0;0
28/04/2025 17:24;574;577;26.4;0;0;0
28/04/2025 17:26;573;576;26.4;0;0;0
28/04/2025 17:28;572;575;26.1;0;0;0
28/04/2025 17:30;571;574;25.7;0;0;0
28/04/2025 17:32;570;573;25.7;0;0;0
28/04/2025 17:34;570;573;25.5;0;0;0
28/04/2025 17:36;569;572;25.9;0;0;0
28/04/2025 17:38;568;571;25.8;0;0;0
28/04/2025 17:40;567;570;26.0;0;0;0
28/04/2025 17:42;566;569;26.1;0;0;0
28/04/2025 17:44;565;568;26.1;0;0;0
28/04/2025 17:46;564;567;26.1;0;0;0
28/04/2025 17:48;564;567;25.9;0;0;0
28/04/2025 17:50;563;566;25.8;0;0;0
28/04/2025 17:52;562;565;25.8;0;0;0
28/04/2025 17:54;561;564;25.5;0;0;0
28/04/2025 17:56;561;564;25.9;0;0;0
28/04/2025 17:58;560;563;26.1;0;0;0
28/04/2025 18:00;559;562;26.1;0;0;0
28/04/2025 18:02;558;561;26.4;0;0;0
28/04/2025 18:04;557;560;26.2;0;0;0
28/04/2025 18:06;557;559;25.8;0;0;0
28/04/2025 18:08;556;559;25.7;0;0;0
28/04/2025 18:10;555;558;25.4;0;0;0
28/04/2025 18:12;555;557;25.4;0;0;0
28/04/2025 18:14;554;557;25.2;0;0;0
28/04/2025 18:16;553;556;25.1;0;0;0
28/04/2025 18:18;553;555;25.0;0;0;0
28/04/2025 18:20;552;555;25.3;0;0;0
28/04/2025 18:22;552;554;25.2;0;0;0
28/04/2025 18:24;551;553;25.4;0;0;0
28/04/2025 18:26;550;553;25.3;0;0;0
28/04/2025 18:28;549;552;25.1;0;0;0
28/04/2025 18:30;549;551;25.1;0;0;0
28/04/2025 18:32;548;551;25.0;0;0;0
28/04/2025 18:34;547;550;25.0;0;0;0
28/04/2025 18:36;547;549;24.9;0;0;0
28/04/2025 18:38;546;548;24.8;0;0;0
28/04/2025 18:40;545;548;25.0;0;0;0
28/04/2025 18:42;545;547;25.1;0;0;0
28/04/2025 18:44;544;546;25.0;0;0;0
28/04/2025 18:46;543;546;25.3;0;0;0
28/04/2025 18:48;543;545;25.1;0;0;0
28/04/2025 18:50;542;544;25.3;0;0;0
28/04/2025 18:52;541;544;25.0;0;0;0
28/04/2025 18:54;541;543;25.1;0;0;0
28/04/2025 18:56;540;542;25.2;0;0;0
28/04/2025 18:58;539;541;24.8;0;0;0
28/04/2025 19:00;539;541;24.6;0;0;0
28/04/2025 19:02;538;540;24.7;0;0;0
28/04/2025 19:04;537;540;24.7;0;0;0
28/04/2025 19:06;537;539;24.3;0;0;0
28/04/2025 19:08;536;538;24.3;0;0;0
28/04/2025 19:10;536;538;24.4;0;0;0
28/04/2025 19:12;535;537;24.6;0;0;0
28/04/2025 19:14;535;537;24.6;0;0;0
28/04/2025 19:16;534;536;24.6;0;0;0
28/04/2025 19:18;533;535;24.7;0;0;0
28/04/2025 19:20;533;535;24.7;0;0;0
28/04/2025 19:22;532;534;24.6;0;0;0
28/04/2025 19:24;531;533;24.6;0;0;0
28/04/2025 19:26;531;533;24.5;0;0;0
28/04/2025 19:28;530;532;24.6;0;0;0
28/04/2025 19:30;530;532;24.8;0;0;0
28/04/2025 19:32;529;531;24.8;0;0;0
28/04/2025 19:34;528;530;24.7;0;0;0
28/04/2025 19:36;528;530;24.8;0;0;0
28/04/2025 19:38;527;529;24.6;0;0;0
28/04/2025 19:40;527;529;24.7;0;0;0
28/04/2025 19:42;526;528;24.9;0;0;0
28/04/2025 19:44;526;527;24.8;0;0;0
28/04/2025 19:46;525;527;24.6;0;0;0
28/04/2025 19:48;525;526;24.4;0;0;0
28/04/2025 19:50;524;526;24.5;0;0;0
28/04/2025 19:52;524;525;24.5;0;0;0
28/04/2025 19:54;523;525;24.7;0;0;0
28/04/2025 19:56;522;524;24.8;0;0;0
28/04/2025 19:58;522;523;24.7;0;0;0
28/04/2025 20:00;521;523;24.8;0;0;0
28/04/2025 20:02;521;522;25.2;0;0;0
28/04/2025 20:04;520;521;25.3;0;0;0
28/04/2025 20:06;519;521;25.0;0;0;0
28/04/2025 20:08;519;520;24.8;0;0;0
28/04/2025 20:10;518;520;24.9;0;0;0
28/04/2025 20:12;518;519;24.7;0;0;0
28/04/2025 20:14;517;519;24.6;0;0;0
28/04/2025 20:16;517;518;24.7;0;0;0
28/04/2025 20:18;516;518;24.5;0;0;0
28/04/2025 20:20;516;517;24.4;0;0;0
28/04/2025 20:22;515;517;24.5;0;0;0
28/04/2025 20:24;515;516;24.6;0;0;0
28/04/2025 20:26;514;516;24.4;0;0;0
28/04/2025 20:28;514;515;24.4;0;0;0
28/04/2025 20:30;513;515;24.6;0;0;0
28/04/2025 20:32;513;514;24.6;0;0;0
28/04/2025 20:34;512;514;24.4;0;0;0
28/04/2025 20:36;512;513;24.2;0;0;0
28/04/2025 20:38;511;513;24.3;0;0;0
28/04/2025 20:40;511;512;24.3;0;0;0
28/04/2025 20:42;510;512;24.5;0;0;0
28/04/2025 20:44;510;511;24.5;0;0;0
28/04/2025 20:46;509;511;24.3;0;0;0
28/04/2025 20:48;509;510;24.3;0;0;0
28/04/2025 20:50;509;510;24.3;0;0;0
28/04/2025 20:52;508;509;24.2;0;0;0
28/04/2025 20:54;507;509;24.0;0;0;0
28/04/2025 20:56;507;508;24.1;0;0;0
28/04/2025 20:58;507;508;24.3;0;0;0
28/04/2025 21:00;506;507;24.5;0;0;0
28/04/2025 21:02;506;507;24.4;0;0;0
28/04/2025 21:04;505;506;24.2;0;0;0
28/04/2025 21:06;505;506;24.5;0;0;0
28/04/2025 21:08;504;505;24.5;0;0;0
28/04/2025 21:10;504;505;24.2;0;0;0
28/04/2025 21:12;503;504;24.3;0;0;0
28/04/2025 21:14;503;504;24.2;0;0;0
28/04/2025 21:16;502;503;24.2;0;0;0
28/04/2025 21:18;502;503;24.2;0;0;0
28/04/2025 21:20;501;502;24.0;0;0;0
28/04/2025 21:22;501;502;24.2;0;0;0
28/04/2025 21:24;501;502;24.0;0;0;0
28/04/2025 21:26;500;501;24.0;0;0;0
28/04/2025 21:28;500;501;24.2;0;0;0
28/04/2025 21:30;499;500;24.1;0;0;0
28/04/2025 21:32;499;500;24.2;0;0;0
28/04/2025 21:34;498;499;24.2;0;0;0
28/04/2025 21:36;498;499;24.2;0;0;0
28/04/2025 21:38;497;498;24.4;0;0;0
28/04/2025 21:40;497;498;24.6;0;0;0
28/04/2025 21:42;496;497;24.3;0;0;0
28/04/2025 21:44;496;497;24.5;0;0;0
28/04/2025 21:46;495;496;24.5;0;0;0
28/04/2025 21:48;495;495;24.0;0;0;0
28/04/2025 21:50;494;495;24.0;0;0;0
28/04/2025 21:52;494;495;23.7;0;0;0
28/04/2025 21:54;494;494;23.6;0;0;0
28/04/2025 21:56;493;494;24.0;0;0;0
28/04/2025 21:58;493;494;24.1;0;0;0
28/04/2025 22:00;493;493;24.0;0;0;0
28/04/2025 22:02;492;493;23.8;0;0;0
28/04/2025 22:04;492;492;23.8;0;0;0
28/04/2025 22:06;491;492;23.6;0;0;0
28/04/2025 22:08;491;492;23.6;0;0;0
28/04/2025 22:10;491;491;23.8;0;0;0
28/04/2025 22:12;490;491;23.9;0;0;0
28/04/2025 22:14;490;490;23.8;0;0;0
28/04/2025 22:16;489;490;23.8;0;0;0
28/04/2025 22:18;489;489;23.9;0;0;0
28/04/2025 22:20;488;489;23.8;0;0;0
28/04/2025 22:22;488;488;23.5;0;0;0
28/04/2025 22:24;488;488;23.4;0;0;0
28/04/2025 22:26;487;488;23.6;0;0;0
28/04/2025 22:28;475;475;23.9;0;0;0
28/04/2025 22:30;455;455;24.7;0;0;0
28/04/2025 22:32;444;444;24.9;0;0;0
28/04/2025 22:34;434;433;25.0;0;0;0
28/04/2025 22:36;427;426;25.0;0;0;0
28/04/2025 22:38;420;418;25.1;0;0;0
28/04/2025 22:40;414;412;24.9;0;0;0
28/04/2025 22:42;409;408;24.8;0;0;0
28/04/2025 22:44;405;403;24.7;0;0;0
28/04/2025 22:46;401;399;24.7;0;0;0
28/04/2025 22:48;396;394;25.0;0;0;0
28/04/2025 22:50;391;389;25.0;0;0;0
28/04/2025 22:52;386;384;24.8;0;0;0
28/04/2025 22:54;384;382;24.8;0;0;0
28/04/2025 22:56;380;377;25.2;0;0;0
28/04/2025 22:58;375;373;25.3;0;0;0
28/04/2025 23:00;372;369;25.5;0;0;0
28/04/2025 23:02;369;366;25.3;0;0;0
28/04/2025 23:04;367;364;25.0;0;0;0
28/04/2025 23:06;364;361;25.1;0;0;0
28/04/2025 23:08;361;358;25.2;0;0;0
28/04/2025 23:10;358;355;25.3;0;0;0
28/04/2025 23:12;355;352;25.1;0;0;0
28/04/2025 23:14;353;350;25.3;0;0;0
28/04/2025 23:16;350;347;25.2;0;0;0
28/04/2025 23:18;348;345;25.2;0;0;0
28/04/2025 23:20;345;342;25.4;0;0;0
28/04/2025 23:22;343;340;25.6;0;0;0
28/04/2025 23:24;341;338;25.7;0;0;0
28/04/2025 23:26;339;336;25.6;0;0;0
28/04/2025 23:28;337;334;25.7;0;0;0
28/04/2025 23:30;335;331;25.5;0;0;0
28/04/2025 23:32;333;330;25.4;0;0;0
28/04/2025 23:34;331;328;25.4;0;0;0
28/04/2025 23:36;328;325;25.2;0;0;0
28/04/2025 23:38;327;324;25.3;0;0;0
28/04/2025 23:40;326;323;25.3;0;0;0
28/04/2025 23:42;324;321;25.5;0;0;0
28/04/2025 23:44;322;319;25.6;0;0;0
28/04/2025 23:46;321;317;25.4;0;0;0
28/04/2025 23:48;318;315;25.5;0;0;0
28/04/2025 23:50;317;313;25.5;0;0;0
28/04/2025 23:52;316;312;25.5;0;0;0
28/04/2025 23:54;314;311;25.6;0;0;0
28/04/2025 23:56;312;309;25.4;0;0;0
28/04/2025 23:58;311;308;25.3;0;0;0
29/04/2025 00:00;310;307;25.6;0;0;0
29/04/2025 00:02;309;305;25.5;0;0;0
29/04/2025 00:04;307;304;25.6;0;0;0
29/04/2025 00:06;306;303;25.7;0;0;0
29/04/2025 00:08;305;302;25.6;0;0;0
29/04/2025 00:10;304;300;25.5;0;0;0
29/04/2025 00:12;302;298;25.5;0;0;0
29/04/2025 00:14;301;297;25.5;0;0;0
29/04/2025 00:16;299;296;25.7;0;0;0
29/04/2025 00:18;298;295;25.3;0;0;0
29/04/2025 00:20;297;294;25.3;0;0;0
29/04/2025 00:22;296;292;25.2;0;0;0
29/04/2025 00:24;295;292;25.2;0;0;0
29/04/2025 00:26;294;291;25.3;0;0;0
29/04/2025 00:28;293;289;25.0;0;0;0
29/04/2025 00:30;291;288;24.7;0;0;0
29/04/2025 00:32;291;288;24.7;0;0;0
29/04/2025 00:34;290;286;24.8;0;0;0
29/04/2025 00:36;288;285;24.7;0;0;0
29/04/2025 00:38;288;285;24.7;0;0;0
29/04/2025 00:40;287;283;24.9;0;0;0
29/04/2025 00:42;286;283;24.7;0;0;0
29/04/2025 00:44;285;281;24.7;0;0;0
29/04/2025 00:46;284;280;24.9;0;0;0
29/04/2025 00:48;283;279;24.9;0;0;0
29/04/2025 00:50;282;278;24.8;0;0;0
29/04/2025 00:52;281;278;24.6;0;0;0
29/04/2025 00:54;280;277;24.7;0;0;0
29/04/2025 00:56;279;276;24.8;0;0;0
29/04/2025 00:58;279;275;24.9;0;0;0
29/04/2025 01:00;278;274;24.9;0;0;0
29/04/2025 01:02;276;272;25.0;0;0;0
29/04/2025 01:04;275;271;25.2;0;0;0
29/04/2025 01:06;274;270;25.1;0;0;0
29/04/2025 01:08;273;269;25.1;0;0;0
29/04/2025 01:10;272;269;25.1;0;0;0
29/04/2025 01:12;271;267;25.1;0;0;0
29/04/2025 01:14;270;266;25.2;0;0;0
29/04/2025 01:16;269;265;25.0;0;0;0
29/04/2025 01:18;268;265;25.1;0;0;0
29/04/2025 01:20;267;264;25.0;0;0;0
29/04/2025 01:22;266;263;24.9;0;0;0
29/04/2025 01:24;265;262;24.8;0;0;0
29/04/2025 01:26;265;261;24.8;0;0;0
29/04/2025 01:28;264;260;24.8;0;0;0
29/04/2025 01:30;263;259;24.6;0;0;0
29/04/2025 01:32;262;259;24.6;0;0;0
29/04/2025 01:34;261;258;24.6;0;0;0
29/04/2025 01:36;260;257;24.7;0;0;0
29/04/2025 01:38;260;256;24.8;0;0;0
29/04/2025 01:40;259;255;24.9;0;0;0
29/04/2025 01:42;258;255;24.8;0;0;0
29/04/2025 01:44;257;254;24.9;0;0;0
29/04/2025 01:46;256;253;25.0;0;0;0
29/04/2025 01:48;255;252;24.8;0;0;0
29/04/2025 01:50;255;252;24.7;0;0;0
29/04/2025 01:52;254;251;24.8;0;0;0
29/04/2025 01:54;253;250;24.7;0;0;0
29/04/2025 01:56;253;249;24.6;0;0;0
29/04/2025 01:58;252;249;24.6;0;0;0
29/04/2025 02:00;251;248;24.8;0;0;0
29/04/2025 02:02;251;247;24.9;0;0;0
29/04/2025 02:04;250;246;24.9;0;0;0
29/04/2025 02:06;249;246;24.8;0;0;0
29/04/2025 02:08;248;245;25.0;0;0;0
29/04/2025 02:10;247;244;25.1;0;0;0
29/04/2025 02:12;246;243;25.0;0;0;0
29/04/2025 02:14;246;243;25.0;0;0;0
29/04/2025 02:16;246;242;25.1;0;0;0
29/04/2025 02:18;245;242;25.0;0;0;0
29/04/2025 02:20;244;241;25.1;0;0;0
29/04/2025 02:22;243;240;25.0;0;0;0
29/04/2025 02:24;242;239;24.9;0;0;0
29/04/2025 02:26;242;238;25.0;0;0;0
29/04/2025 02:28;241;238;24.9;0;0;0
29/04/2025 02:30;241;238;25.1;0;0;0
29/04/2025 02:32;240;237;25.0;0;0;0
29/04/2025 02:34;239;236;24.9;0;0;0
29/04/2025 02:36;238;235;24.7;0;0;0
29/04/2025 02:38;238;235;24.4;0;0;0
29/04/2025 02:40;238;235;23.8;0;0;0
29/04/2025 02:42;237;234;23.6;0;0;0
29/04/2025 02:44;237;234;23.9;0;0;0
29/04/2025 02:46;236;233;24.0;0;0;0
29/04/2025 02:48;235;232;24.3;0;0;0
29/04/2025 02:50;235;232;24.4;0;0;0
29/04/2025 02:52;234;231;24.2;0;0;0
29/04/2025 02:54;233;231;24.3;0;0;0
29/04/2025 02:56;233;230;24.2;0;0;0
29/04/2025 02:58;232;229;24.2;0;0;0
29/04/2025 03:00;232;229;24.4;0;0;0
29/04/2025 03:02;231;228;24.4;0;0;0
29/04/2025 03:04;230;227;24.2;0;0;0
29/04/2025 03:06;230;227;24.1;0;0;0
29/04/2025 03:08;229;227;24.3;0;0;0
29/04/2025 03:10;229;226;24.2;0;0;0
29/04/2025 03:12;228;225;24.0;0;0;0
29/04/2025 03:14;227;224;24.0;0;0;0
29/04/2025 03:16;227;224;24.1;0;0;0
29/04/2025 03:18;226;223;24.3;0;0;0
29/04/2025 03:20;225;223;24.2;0;0;0
29/04/2025 03:22;225;223;24.1;0;0;0
29/04/2025 03:24;225;222;24.2;0;0;0
29/04/2025 03:26;226;223;23.8;0;0;0
29/04/2025 03:28;224;221;24.0;0;0;0
29/04/2025 03:30;224;221;24.1;0;0;0
29/04/2025 03:32;223;221;24.0;0;0;0
29/04/2025 03:34;223;220;23.6;0;0;0
29/04/2025 03:36;221;219;23.7;0;0;0
29/04/2025 03:38;221;219;23.7;0;0;0
29/04/2025 03:40;221;218;23.7;0;0;0
29/04/2025 03:42;220;217;23.8;0;0;0
29/04/2025 03:44;219;216;23.8;0;0;0
29/04/2025 03:46;218;216;23.7;0;0;0
29/04/2025 03:48;218;215;23.8;0;0;0
29/04/2025 03:50;217;215;23.5;0;0;0
29/04/2025 03:52;217;214;23.5;0;0;0
29/04/2025 03:54;216;214;23.7;0;0;0
29/04/2025 03:56;216;213;23.8;0;0;0
29/04/2025 03:58;215;213;23.9;0;0;0
29/04/2025 04:00;215;212;24.0;0;0;0
29/04/2025 04:02;214;211;24.0;0;0;0
29/04/2025 04:04;213;211;23.9;0;0;0
29/04/2025 04:06;213;210;23.8;0;0;0
29/04/2025 04:08;212;209;23.6;0;0;0
29/04/2025 04:10;211;209;23.5;0;0;0
29/04/2025 04:12;211;209;23.4;0;0;0
29/04/2025 04:14;210;208;23.2;0;0;0
29/04/2025 04:16;209;207;23.3;0;0;0
29/04/2025 04:18;209;207;23.1;0;0;0
29/04/2025 04:20;208;205;23.2;0;0;0
29/04/2025 04:22;208;206;23.3;0;0;0
29/04/2025 04:24;208;205;23.2;0;0;0
29/04/2025 04:26;207;205;23.0;0;0;0
29/04/2025 04:28;207;204;23.0;0;0;0
29/04/2025 04:30;207;204;23.0;0;0;0
29/04/2025 04:32;206;203;23.2;0;0;0
29/04/2025 04:34;205;203;23.0;0;0;0
29/04/2025 04:36;204;202;23.1;0;0;0
29/04/2025 04:38;204;202;23.0;0;0;0
29/04/2025 04:40;203;201;22.8;0;0;0
29/04/2025 04:42;204;201;22.7;0;0;0
29/04/2025 04:44;203;201;22.7;0;0;0
29/04/2025 04:46;203;201;22.6;0;0;0
29/04/2025 04:48;202;200;22.7;0;0;0
29/04/2025 04:50;202;200;22.6;0;0;0
29/04/2025 04:52;202;200;22.6;0;0;0
29/04/2025 04:54;201;199;22.7;0;0;0
29/04/2025 04:56;200;198;22.9;0;0;0
29/04/2025 04:58;199;197;22.9;0;0;0
29/04/2025 05:00;199;197;22.9;0;0;0
29/04/2025 05:02;199;197;23.0;0;0;0
29/04/2025 05:04;198;196;22.7;0;0;0
29/04/2025 05:06;197;195;22.7;0;0;0
29/04/2025 05:08;196;194;23.0;0;0;0
29/04/2025 05:10;196;194;23.2;0;0;0
29/04/2025 05:12;195;193;23.1;0;0;0
29/04/2025 05:14;194;192;22.9;0;0;0
29/04/2025 05:16;194;192;22.8;0;0;0
29/04/2025 05:18;193;192;22.9;0;0;0
29/04/2025 05:20;193;191;22.9;0;0;0
29/04/2025 05:22;193;191;22.9;0;0;0
29/04/2025 05:24;193;191;22.8;0;0;0
29/04/2025 05:26;192;190;22.9;0;0;0
29/04/2025 05:28;192;190;22.8;0;0;0
29/04/2025 05:30;191;189;22.8;0;0;0
29/04/2025 05:32;190;189;22.7;0;0;0
29/04/2025 05:34;189;188;22.8;0;0;0
29/04/2025 05:36;189;187;22.7;0;0;0
29/04/2025 05:38;189;188;22.5;0;0;0
29/04/2025 05:40;188;187;22.3;0;0;0
29/04/2025 05:42;188;186;22.0;0;0;0
29/04/2025 05:44;189;187;21.7;0;0;0
29/04/2025 05:46;188;187;21.6;0;0;0
29/04/2025 05:48;189;187;21.6;0;0;0
29/04/2025 05:50;189;187;21.7;0;0;0
29/04/2025 05:52;188;186;21.8;0;0;0
29/04/2025 05:54;188;186;21.7;0;0;0
29/04/2025 05:56;187;185;21.7;0;0;0
29/04/2025 05:58;187;185;21.8;0;0;0
29/04/2025 06:00;187;185;21.9;0;0;0
29/04/2025 06:02;186;184;21.7;0;0;0
29/04/2025 06:04;185;184;21.6;0;0;0
29/04/2025 06:06;185;183;21.8;0;0;0
29/04/2025 06:08;184;183;21.9;0;0;0
29/04/2025 06:10;184;183;21.6;0;0;0
29/04/2025 06:12;183;182;21.5;0;0;0
29/04/2025 06:14;183;182;21.4;0;0;0
29/04/2025 06:16;183;181;21.5;0;0;0
29/04/2025 06:18;182;181;21.5;0;0;0
29/04/2025 06:20;183;181;21.1;0;0;0
29/04/2025 06:22;182;180;21.1;0;0;0
29/04/2025 06:24;182;180;21.2;0;0;0
29/04/2025 06:26;181;180;21.2;0;0;0
29/04/2025 06:28;181;179;21.2;0;0;0
29/04/2025 06:30;181;179;21.2;0;0;0
29/04/2025 06:32;181;179;21.1;0;0;0
29/04/2025 06:34;180;179;20.8;0;0;0
29/04/2025 06:36;180;178;20.8;0;0;0
29/04/2025 06:38;179;178;20.9;0;0;0
29/04/2025 06:40;179;177;21.0;0;0;0
29/04/2025 06:42;178;177;21.0;0;0;0
29/04/2025 06:44;178;176;20.8;0;0;0
29/04/2025 06:46;177;176;20.9;0;0;0
29/04/2025 06:48;177;176;20.9;0;0;0
29/04/2025 06:50;177;175;20.8;0;0;0
29/04/2025 06:52;176;175;20.8;0;0;0
29/04/2025 06:54;176;175;20.7;0;0;0
29/04/2025 06:56;175;174;20.6;0;0;0
29/04/2025 06:58;175;174;20.7;0;0;0
29/04/2025 07:00;175;173;20.6;0;0;0
29/04/2025 07:02;175;173;20.7;0;0;0
29/04/2025 07:04;175;173;20.8;0;0;0
29/04/2025 07:06;174;172;21.2;0;0;0
29/04/2025 07:08;174;172;21.1;0;0;0
29/04/2025 07:10;173;171;21.0;0;0;0
29/04/2025 07:12;172;171;21.0;0;0;0
29/04/2025 07:14;172;171;20.8;0;0;0
29/04/2025 07:16;172;171;20.8;0;0;0
29/04/2025 07:18;171;170;20.7;0;0;0
29/04/2025 07:20;171;170;21.0;0;0;0
29/04/2025 07:22;171;170;21.1;0;0;0
29/04/2025 07:24;171;170;21.0;0;0;0
29/04/2025 07:26;170;169;20.9;0;0;0
29/04/2025 07:28;170;169;20.8;0;0;0
29/04/2025 07:30;170;168;21.0;0;0;0
29/04/2025 07:32;169;168;20.9;0;0;0
29/04/2025 07:34;169;167;21.0;0;0;0
29/04/2025 07:36;168;167;21.0;0;0;0
29/04/2025 07:38;168;167;20.9;0;0;0
29/04/2025 07:40;167;166;21.0;0;0;0
29/04/2025 07:42;167;166;20.9;0;0;0
29/04/2025 07:44;166;165;20.7;0;0;0
29/04/2025 07:46;166;164;20.5;0;0;0
29/04/2025 07:48;165;164;20.8;0;0;0
29/04/2025 07:50;165;164;20.7;0;0;0
29/04/2025 07:52;165;164;20.5;0;0;0
29/04/2025 07:54;165;164;20.7;0;0;0
29/04/2025 07:56;165;164;21.0;0;0;0
29/04/2025 07:58;164;163;21.1;0;0;0
29/04/2025 08:00;164;163;20.7;0;0;0
29/04/2025 08:02;163;162;20.9;0;0;0
29/04/2025 08:04;163;162;20.8;0;0;0
29/04/2025 08:06;162;161;20.9;0;0;0
29/04/2025 08:08;162;161;20.9;0;0;0
29/04/2025 08:10;162;161;20.8;0;0;0
29/04/2025 08:12;162;161;21.1;0;0;0
29/04/2025 08:14;161;160;21.1;0;0;0
29/04/2025 08:16;161;160;21.1;0;0;0
29/04/2025 08:18;160;160;21.2;0;0;0
29/04/2025 08:20;160;159;21.2;0;0;0
29/04/2025 08:22;159;158;21.1;0;0;0
29/04/2025 08:24;159;158;21.1;0;0;0
29/04/2025 08:26;159;158;21.2;0;0;0
29/04/2025 08:28;159;158;21.2;0;0;0
29/04/2025 08:30;158;158;21.1;0;0;0
29/04/2025 08:32;158;157;21.5;0;0;0
29/04/2025 08:34;157;157;21.4;0;0;0
29/04/2025 08:36;157;156;21.4;0;0;0
29/04/2025 08:38;157;157;21.5;0;0;0
29/04/2025 08:40;157;156;21.2;0;0;0
29/04/2025 08:42;156;155;21.1;0;0;0
29/04/2025 08:44;156;155;21.1;0;0;0
29/04/2025 08:46;156;155;21.2;0;0;0
29/04/2025 08:48;155;155;21.2;0;0;0
29/04/2025 08:50;156;155;21.3;0;0;0
29/04/2025 08:52;156;155;21.6;0;0;0
29/04/2025 08:54;155;154;21.5;0;0;0
29/04/2025 08:56;155;154;21.4;0;0;0
29/04/2025 08:58;154;154;21.8;0;0;0
29/04/2025 09:00;154;153;21.5;0;0;0
29/04/2025 09:02;153;152;21.2;0;0;0
29/04/2025 09:04;153;152;21.5;0;0;0
29/04/2025 09:06;153;152;21.7;0;0;0
29/04/2025 09:08;152;151;21.7;0;0;0
29/04/2025 09:10;151;151;21.9;0;0;0
29/04/2025 09:12;151;151;21.8;0;0;0
29/04/2025 09:14;152;151;22.0;0;0;0
29/04/2025 09:16;151;150;22.3;0;0;0
29/04/2025 09:18;151;150;22.4;0;0;0
29/04/2025 09:20;150;150;22.2;0;0;0
29/04/2025 09:22;150;149;22.4;0;0;0
29/04/2025 09:24;150;149;22.2;0;0;0
29/04/2025 09:26;149;149;22.2;0;0;0
29/04/2025 09:28;149;149;22.3;0;0;0
29/04/2025 09:30;149;149;22.3;0;0;0
29/04/2025 09:32;149;148;22.3;0;0;0
29/04/2025 09:34;149;148;22.2;0;0;0
29/04/2025 09:36;148;147;21.9;0;0;0
29/04/2025 09:38;148;147;21.6;0;0;0
29/04/2025 09:40;147;147;22.0;0;0;0
29/04/2025 09:42;148;147;22.2;0;0;0
29/04/2025 09:44;148;147;22.6;0;0;0
29/04/2025 09:46;148;147;22.9;0;0;0
29/04/2025 09:48;147;147;22.5;0;0;0
29/04/2025 09:50;147;146;22.5;0;0;0
29/04/2025 09:52;147;146;22.6;0;0;0
29/04/2025 09:54;146;146;22.7;0;0;0
29/04/2025 09:56;146;145;22.6;0;0;0
29/04/2025 09:58;145;144;21.9;0;0;0
29/04/2025 10:00;145;145;22.2;0;0;0
29/04/2025 10:02;144;144;22.8;0;0;0
29/04/2025 10:04;143;143;22.8;0;0;0
29/04/2025 10:06;143;143;22.9;0;0;0
29/04/2025 10:08;143;142;23.0;0;0;0
29/04/2025 10:10;143;143;23.0;0;0;0
29/04/2025 10:12;143;142;22.4;0;0;0
29/04/2025 10:14;142;142;22.7;0;0;0
29/04/2025 10:16;142;142;23.1;0;0;0
29/04/2025 10:18;142;142;23.0;0;0;0
29/04/2025 10:20;142;141;22.7;0;0;0
29/04/2025 10:22;142;141;23.3;0;0;0
29/04/2025 10:24;142;141;23.2;0;0;0
29/04/2025 10:26;141;140;23.1;0;0;0
29/04/2025 10:28;140;140;23.3;0;0;0
29/04/2025 10:30;139;139;23.6;0;0;0
29/04/2025 10:32;138;138;23.7;0;0;0
29/04/2025 10:34;138;138;23.4;0;0;0
29/04/2025 10:36;138;138;23.2;0;0;0
29/04/2025 10:38;138;137;22.9;0;0;0
29/04/2025 10:40;137;136;23.2;0;0;0
29/04/2025 10:42;137;136;23.3;0;0;0
29/04/2025 10:44;137;136;23.0;0;0;0
29/04/2025 10:46;136;135;23.0;0;0;0
29/04/2025 10:48;135;135;22.9;0;0;0
29/04/2025 10:50;135;135;23.1;0;0;0
29/04/2025 10:52;135;134;22.9;0;0;0
29/04/2025 10:54;135;135;22.8;0;0;0
29/04/2025 10:56;135;135;23.0;0;0;0
29/04/2025 10:58;135;135;23.2;0;0;0
29/04/2025 11:00;135;135;23.4;0;0;0
29/04/2025 11:02;135;135;23.5;0;0;0
29/04/2025 11:04;134;134;23.3;0;0;0
29/04/2025 11:06;133;133;23.3;0;0;0
29/04/2025 11:08;133;133;23.7;0;0;0
29/04/2025 11:10;132;132;23.3;0;0;0
29/04/2025 11:12;133;132;23.0;0;0;0
29/04/2025 11:14;132;132;22.9;0;0;0
29/04/2025 11:16;132;132;23.1;0;0;0
29/04/2025 11:18;130;130;23.7;0;0;0
29/04/2025 11:20;129;129;24.0;0;0;0
29/04/2025 11:22;129;129;24.3;0;0;0
29/04/2025 11:24;129;129;24.4;0;0;0
29/04/2025 11:26;129;128;24.3;0;0;0
29/04/2025 11:28;128;128;24.3;0;0;0
29/04/2025 11:30;128;128;24.2;0;0;0
29/04/2025 11:32;128;128;24.4;0;0;0
29/04/2025 11:34;129;128;24.1;0;0;0
29/04/2025 11:36;129;129;23.5;0;0;0
29/04/2025 11:38;129;129;23.7;0;0;0
29/04/2025 11:40;129;129;24.0;0;0;0
29/04/2025 11:42;129;129;24.2;0;0;0
29/04/2025 11:44;129;128;24.3;0;0;0
29/04/2025 11:46;128;128;24.0;0;0;0
29/04/2025 11:48;128;128;23.8;0;0;0
29/04/2025 11:50;128;127;24.1;0;0;0
29/04/2025 11:52;128;128;23.8;0;0;0
29/04/2025 11:54;128;128;23.8;0;0;0
29/04/2025 11:56;128;128;24.0;0;0;0
29/04/2025 11:58;128;128;24.1;0;0;0
29/04/2025 12:00;128;128;24.7;0;0;0
29/04/2025 12:02;127;127;24.3;0;0;0
29/04/2025 12:04;126;126;23.9;0;0;0
29/04/2025 12:06;125;125;24.2;0;0;0
29/04/2025 12:08;125;125;24.3;0;0;0
29/04/2025 12:10;125;125;23.9;0;0;0
29/04/2025 12:12;124;124;23.9;0;0;0
